{
  "students": [
    {
      "id": 2,
      "name": "gary",
      "grade": 12,
      "marks": {
        "maths": 70,
        "physics": 50,
        "chemistry": 65
      }
    },
    {
      "id": "ㅇ아녕",
      "name": "ㅎㅁㅇㄴㄹ",
      "grade": "123",
      "marks": {
        "maths": "123",
        "physics": "123",
        "chemistry": "123"
      }
    }
  ],
  "logs": [
    {
      "message": "Changed network card in server 007",
      "attention": false,
      "tech": "Sam Smith",
      "date": "2019-05-31T15:46:10.179Z",
      "id": 1
    },
    {
      "id": 2,
      "message": "Workstation 007 not posting",
      "attention": true,
      "tech": "John Doe",
      "date": "2019-05-31T16:18:04.245Z"
    },
    {
      "message": "Changedmemo station 050",
      "attention": true,
      "tech": "Sara Wilson",
      "date": "2019-05-31T15:46:48.690Z",
      "id": 3
    }
  ]
}